categoryId,parentId
1,0
2,1
59,20
77,22
94,35
121,24
128,346
156,536
187,17
192,32
197,57
207,45
224,120
232,81
241,123
253,174
269,180
274,181
280,279
346,25
360,82
630,55
942,941
944,942
948,122
1042,135
1046,134
1051,137
1181,177
1237,1235
1367,1266
1444,83
1605,83
1669,5740
1680,1604
1798,1780
1799,1791
1834,1792
1854,1779
1878,1643
1916,1909
1928,1910
1936,1911
2016,1914
2019,1254
2020,1255
2021,1256
2022,1257
2029,187
2030,64
2033,77
2052,2040
2134,2118
2146,175
2159,2157
2289,2288
2300,2295
2339,2298
2340,2301
2341,2302
2399,2303
2450,2426
2452,2304
2475,1913
2480,1915
2488,1912
2503,1259
2504,1260
2522,97
2554,1479
2564,2563
2565,2564
2571,2570
2705,2704
2746,2745
2810,2809
2828,2827
2835,2834
2840,2839
2842,2793
2872,2795
2874,2794
2880,2796
2883,2797
2887,2798
2889,2799
2891,2800
2894,2801
2903,2806
2908,2825
2911,2844
2913,2845
2915,2846
2916,2847
2919,2852
2923,2853
2926,2925
2928,2855
2949,2791
2951,2820
2952,2856
2959,2804
2991,2823
2994,2824
3022,2862
3024,2940
3072,3486
3079,2813
3097,3079
3119,3118
3129,3128
3135,3134
3142,3141
3148,3147
3160,3155
3168,3167
3177,3176
3191,3185
3198,3197
3222,3126
3224,3140
3227,3173
3244,3183
3251,3187
3372,3371
3414,3413
3423,3422
3480,3146
3497,3260
3505,3116
3515,3124
3526,3524
3529,3152
3530,3180
3562,3561
3649,3648
3725,3722
3738,346
3763,3184
3767,3261
3794,3754
3795,3753
3807,3755
3854,3658
3855,3750
3863,3818
3875,3820
3956,3182
4072,2810
4074,3455
4075,3497
4093,4092
4097,4090
4101,4098
4103,4102
4107,4084
4109,4108
4117,4116
4118,4087
4122,4121
4131,4089
4189,4038
4199,4196
4204,4203
4232,4199
4258,4255
4265,4264
4269,4268
4270,4269
4286,2864
4305,4118
4314,4272
4344,2790
4375,4374
4389,4388
4392,4391
4394,4379
4401,4384
4409,4393
4426,4425
4427,4344
4440,4439
4442,4441
4444,4443
4445,4107
4447,4372
4449,4448
4451,4450
4453,4452
4466,4465
4468,4467
4473,4472
4500,4499
4513,3505
4521,4520
4534,4533
4540,2832
4557,3115
4561,4560
4564,4563
4575,4574
4584,4583
4629,4373
4633,3767
4639,4431
4667,4666
4669,4668
4684,4683
4686,4685
4691,4690
4704,4703
4714,4713
4732,4303
4764,4250
4805,4740
4807,4806
4823,4237
4837,2677
4846,19
4871,4870
5035,8629
5037,173
5054,4837
5122,5121
5147,5146
5154,5153
5157,5156
5158,5155
5169,5168
5202,1743
5211,1669
5216,5211
5230,5227
5252,5251
5255,5254
5257,5256
5271,5270
5273,5272
5312,5311
5319,5317
5324,5323
5336,5335
5346,5345
5356,5354
5385,5382
5389,5387
5392,5390
5403,5402
5405,5404
5421,5419
5423,5422
5428,5427
5437,5436
5444,5442
5449,5294
5452,1795
5468,5467
5486,1794
5490,5429
5516,5361
5544,121
5546,2949
5547,2951
5548,4286
5550,3530
5551,3763
5552,3758
5612,5611
5637,5636
5659,2066
5666,3254
5707,358
5733,5732
5766,5637
5767,5738
5833,1493
5834,1525
5835,1580
5836,1511
5837,1538
5838,1572
5878,5877
5889,2946
5890,2945
5891,4288
5892,3344
5893,3382
5894,2947
5896,3904
5897,3925
5898,5645
5916,3946
5924,5923
5946,5931
5959,5958
5964,5960
5992,5991
6009,6006
6011,6010
6013,6012
6049,4076
6090,232
6096,6095
6146,6145
6148,6147
6157,6156
6159,6146
6210,6208
6259,6258
6260,6259
6271,6270
6282,6257
6289,6282
6352,3372
6360,6359
6464,6463
6471,2423
6608,6607
6614,6612
6616,6608
6621,5822
6634,6609
6638,6610
6641,224
6645,6644
6662,6661
6667,6666
6676,184
6682,359
6684,59
6685,94
6751,6750
6754,1105
6768,6767
6774,237
6776,6775
6779,6778
6803,6283
6809,6808
6822,6812
6831,6811
6836,6810
6919,6918
6930,6915
6939,6938
6962,2052
6963,6809
7008,6422
7009,7008
7015,6937
7016,7015
7074,7073
7080,7079
7106,7105
7116,7111
7126,7104
7127,7126
7142,7043
7144,7143
7154,2952
7156,7103
7190,7189
7222,7203
7235,7234
7241,7240
7251,7249
7252,7237
7268,7267
7289,7019
7292,7268
7300,7270
7332,7072
7338,7302
7339,7338
7340,7307
7343,7305
7353,44
7376,7375
7382,7381
7393,7377
7404,7379
7419,7378
7431,4428
7435,7434
7455,4435
7461,7458
7479,7478
7499,7498
7502,4700
7503,7502
7509,7503
7510,7505
7512,7504
7526,7507
7543,5505
7550,7548
7560,7559
7562,7561
7578,5331
7581,7580
7585,7584
7589,5322
7606,7605
7609,1797
7626,7327
7646,7645
7649,7545
7661,7571
7693,1465
7696,6966
7703,7702
7725,7142
7726,7087
7729,7077
7750,1560
7761,7760
7765,7761
7769,7763
7772,7764
7776,7762
7790,5088
7796,4611
7980,7954
7990,5677
8072,8069
8095,6796
8111,8110
8148,2062
8157,2060
8163,234
8165,5924
8167,6697
8173,2059
8182,8181
8186,8185
8197,8154
8198,8197
8206,8199
8222,2061
8228,8227
8242,8237
8243,8238
8244,8241
8259,8258
8262,8261
8301,8299
8318,4317
8323,2857
8324,2859
8325,2861
8326,2858
8332,2860
8335,2863
8336,8335
8338,1143
8363,2065
8404,8403
8412,8404
8418,8413
8424,8423
8432,8431
8484,6230
8495,6210
8509,8507
8513,3110
8519,8513
8529,8528
8532,8514
8537,8523
8542,8535
8546,8545
8582,8581
8645,8644
8650,5036
8740,8668
8752,8751
8756,8740
8774,27
8777,8774
8779,8778
8787,8785
8792,8791
8803,7990
8805,5678
8820,5739
64,21
82,81
87,83
133,19
135,29
193,32
198,57
208,45
230,122
240,123
270,180
275,181
281,279
631,55
870,536
919,175
945,942
1044,135
1048,134
1052,137
1182,177
1238,1235
1263,1266
1284,1256
1292,1257
1481,24
1494,1493
1526,1525
1527,1525
1539,1538
1540,1538
1541,1538
1542,1538
1561,1560
1600,20
1602,22
1603,35
1606,82
1607,17
1608,1604
1610,1604
1611,1604
1612,1604
1613,1604
1614,1604
1615,1604
1668,5211
1682,25
1754,1743
1820,1792
1823,1796
1909,1643
1917,1909
1929,1910
1937,1911
1946,1914
2028,232
2107,1572
2119,2118
2129,1572
2160,2157
2291,2288
2296,2295
2323,2301
2333,2302
2362,2303
2394,1604
2437,2426
2441,2304
2460,2052
2476,1913
2481,1915
2489,941
2490,1259
2495,1260
2555,1479
2566,2564
2570,2563
2572,2570
2601,1209
2603,1572
2604,1572
2614,97
2706,2704
2739,1795
2741,1797
2747,2745
2829,2827
2836,2834
2843,2793
2881,2796
2884,2797
2888,2798
2890,2799
2892,2800
2895,2801
2904,2806
2907,2825
2910,2839
2912,2844
2914,2845
2920,2852
2924,2853
2927,2925
2929,2855
2956,2804
2965,2794
2992,2823
3007,2857
3010,2861
3015,2858
3019,2860
3023,2862
3025,2940
3080,3079
3130,3128
3136,3134
3143,3141
3147,3146
3149,3147
3174,3167
3178,3176
3188,3185
3192,3186
3195,3193
3199,3197
3223,3126
3225,3140
3228,3173
3229,3181
3235,3182
3245,3183
3252,3187
3262,2791
3263,2820
3319,2809
3323,2946
3337,2945
3355,2810
3364,2947
3376,3371
3415,3413
3424,3422
3479,3117
3481,3180
3482,3184
3494,2859
3498,3497
3499,3260
3527,3524
3533,3530
3650,3648
3676,3344
3700,3455
3764,3763
3796,3753
3798,3754
3808,3755
3864,3818
3876,3820
3895,3152
3908,3907
3947,3946
3986,3486
3995,3722
4047,3767
4094,4092
4095,4089
4098,4090
4102,4098
4110,4108
4119,4116
4124,4121
4205,4203
4220,4196
4229,4199
4256,4255
4289,4288
4296,4286
4299,2864
4304,4107
4306,4087
4309,4084
4315,4272
4336,4303
4347,1572
4377,4374
4395,4379
4402,4388
4410,4393
4413,4391
4450,4448
4452,4450
4454,4452
4467,4465
4469,4467
4486,4485
4501,4499
4505,4372
4514,2949
4515,2951
4522,4520
4535,4533
4555,3382
4565,4563
4574,4560
4585,4583
4630,4373
4640,4431
4646,4439
4653,4441
4665,4557
4668,4666
4670,4668
4685,4683
4687,4685
4705,4703
4715,4713
4719,4118
4725,4443
4747,4344
4762,2040
4765,4250
4806,4740
4808,4806
4829,4237
4859,2066
4868,4264
4880,4038
4902,3261
4903,2813
4923,4870
4931,2677
5036,8629
5086,3750
5095,2682
5132,3116
5148,5146
5172,2847
5235,1669
5309,5156
5313,5311
5325,5323
5337,5335
5347,5345
5359,5354
5362,5361
5390,5387
5393,5390
5404,5402
5406,5404
5424,5419
5425,5422
5438,5436
5445,5442
5477,1794
5489,5429
5498,5427
5535,5382
5536,5317
5549,3505
5589,1779
5610,4574
5611,5467
5613,5611
5638,5637
5667,3254
5681,5636
5734,5732
5739,5738
5793,7990
5807,5645
5854,1511
5925,5924
5932,5923
5960,5958
5985,358
5993,5991
6051,2052
6097,6095
6155,6147
6161,6145
6179,5931
6203,3758
6212,6208
6237,6230
6252,6210
6258,3115
6261,6259
6265,6258
6272,6270
6276,3118
6288,6257
6305,6282
6307,6283
6314,1580
6361,6359
6465,6463
6596,5822
6609,6607
6615,6612
6617,6608
6635,6609
6639,6610
6642,224
6644,120
6646,6644
6663,6661
6668,6666
6679,184
6681,359
6732,4837
6752,6750
6755,1105
6769,6767
6772,237
6777,6775
6780,6778
6832,6811
6839,6810
6846,6812
6850,6808
6913,5168
6920,6918
6935,6915
6940,6938
6952,121
6966,2952
7019,6937
7020,7019
7066,6422
7081,7079
7088,7087
7104,7103
7117,7111
7129,7126
7158,7142
7161,7043
7191,7189
7242,7240
7270,7267
7275,7203
7333,7104
7337,7143
7355,44
7371,1255
7380,7375
7383,7381
7398,7378
7400,7377
7402,59
7405,7379
7415,94
7416,187
7436,7434
7466,4435
7478,4700
7498,4428
7500,7498
7504,7502
7507,7478
7511,7505
7513,7504
7527,7507
7544,5417
7546,7544
7551,7548
7559,7545
7563,7561
7577,5331
7583,5322
7586,7584
7597,1791
7607,7605
7647,7645
7662,7571
7671,1254
7673,1780
7687,1258
7694,1465
7697,6966
7704,7702
7706,6809
7762,7760
7766,7761
7770,7763
7773,7764
7777,7762
7791,5088
7798,4611
7819,64
7820,77
7827,7268
7828,7270
7907,3904
7908,3925
7974,7954
7986,5677
7994,2423
8073,8069
8096,6796
8098,346
8112,8110
8147,2062
8155,8154
8158,2060
8164,234
8168,6697
8174,2059
8183,8181
8187,8185
8201,8199
8208,2061
8239,8237
8240,8238
8245,8241
8252,2863
8302,8299
8306,8258
8307,8261
8321,4317
8334,6146
8339,1143
8354,8335
8364,2065
8405,8404
8419,8413
8425,8423
8444,8403
8457,8431
8508,8507
8511,3110
8514,2790
8520,8513
8524,8523
8530,8528
8533,8514
8543,8535
8547,8545
8558,2856
8583,8581
8630,173
8646,8644
8649,8227
8651,5036
8659,5739
8735,7077
8736,7072
8743,8740
8746,8668
8753,8751
8775,8774
8778,27
8780,8778
8788,8785
8793,8791
8804,5678
8821,5740
8857,1
84,83
134,29
194,32
199,57
209,45
234,122
246,22
252,25
255,174
271,180
276,181
282,279
308,19
885,536
960,942
1049,134
1183,177
1251,1235
1261,1266
1277,1255
1285,1256
1293,1257
1465,121
1528,1525
1562,1560
1593,1580
1601,21
1685,5211
1752,1743
1774,17
1800,1791
1821,1792
1825,1796
1910,1643
1918,1909
1938,1911
1947,1914
2027,94
2067,2066
2079,2066
2120,2118
2128,1580
2161,2157
2294,2288
2297,2295
2315,2298
2324,2301
2334,2302
2364,2303
2421,2066
2438,2426
2442,2304
2473,1910
2477,1913
2482,1915
2491,1259
2496,1260
2523,97
2556,1479
2567,2564
2573,2570
2707,2704
2740,1795
2742,1797
2748,2745
2821,2820
2830,2827
2837,2834
2870,2793
2882,2796
2885,2797
2896,2801
2905,2806
2921,2852
2930,2864
2960,2804
2964,2794
2989,2800
3008,2857
3011,2861
3016,2858
3020,2860
3026,2940
3117,3116
3118,3117
3120,3118
3125,3124
3131,3128
3137,3134
3144,3141
3150,3147
3152,3146
3179,3176
3181,3180
3185,3184
3189,3185
3196,3193
3201,3197
3230,3181
3236,3182
3246,3183
3253,3187
3264,2832
3330,2946
3346,3344
3362,2947
3383,3382
3398,3079
3416,3413
3425,3422
3470,2952
3471,2949
3472,2951
3487,3486
3532,3530
3534,3505
3564,3561
3574,2813
3651,3648
3695,2945
3781,3767
3797,3753
3799,3754
3809,3755
3829,2682
3865,3818
3877,3820
3909,3907
3939,3186
4088,4087
4092,4089
4099,4090
4111,4108
4120,4116
4121,4084
4125,4121
4127,4118
4206,4203
4212,4196
4224,3372
4230,4199
4235,3946
4244,1604
4260,4255
4275,4092
4287,4286
4291,4288
4316,4272
4337,4303
4378,4374
4396,4379
4403,4388
4411,4393
4414,4391
4455,4452
4457,4448
4461,4450
4470,4467
4472,4465
4502,4499
4506,4372
4523,4520
4524,4485
4537,4533
4566,4563
4576,4574
4586,4583
4631,4373
4647,4439
4654,4441
4671,4668
4672,4666
4688,4685
4690,4683
4706,4703
4716,4713
4726,4443
4751,4038
4809,4806
4821,1209
4827,4237
4830,20
4913,4264
4928,4870
5119,35
5149,5146
5183,3261
5209,2847
5213,1669
5241,3750
5246,2810
5308,5156
5314,5311
5326,5323
5338,5335
5348,5345
5363,5361
5369,5354
5394,5390
5395,5387
5407,5404
5426,5422
5439,5436
5443,5442
5474,1794
5491,5429
5493,5419
5499,5427
5505,5402
5545,187
5562,5382
5563,232
5594,4431
5614,5611
5617,5467
5618,4560
5619,4740
5668,3254
5670,5636
5688,5637
5735,5732
5740,5738
5862,5822
5880,3722
5926,5924
5930,5923
5945,5931
5958,81
5961,5958
5994,5991
6160,6146
6167,6145
6184,4317
6185,5645
6206,6147
6217,6208
6231,6230
6253,6210
6262,6259
6266,6258
6290,6257
6296,6283
6311,6282
6336,1572
6344,4557
6362,6359
6374,1538
6403,1493
6466,6463
6472,2423
6590,123
6607,24
6610,6607
6618,6608
6636,6609
6640,6610
6643,224
6647,6644
6661,120
6664,6661
6669,6666
6675,184
6683,359
6700,6270
6719,135
6753,6750
6756,1105
6758,137
6770,6767
6773,237
6781,6778
6790,358
6795,3904
6834,6811
6841,6810
6848,6812
6865,2677
6866,4837
6894,3497
6908,6612
6922,6918
6933,6915
6941,6938
6949,5168
7022,7019
7053,3763
7065,6422
7073,7072
7078,7077
7089,7087
7109,7104
7111,7103
7118,7111
7133,7126
7145,7143
7160,7043
7192,7189
7216,6422
7243,7240
7249,3115
7269,7268
7271,7270
7309,7203
7346,3925
7357,44
7394,7378
7403,6809
7413,64
7414,77
7437,7434
7446,7377
7447,7379
7456,4428
7462,4435
7506,7502
7508,7478
7514,7504
7515,7505
7528,7507
7545,5417
7547,7546
7552,7548
7561,7545
7565,7561
7579,5331
7584,5322
7596,2052
7608,7605
7648,7645
7663,7571
7668,1254
7674,1780
7683,1258
7695,1465
7698,6966
7701,5317
7705,7702
7708,1779
7728,7079
7763,7760
7767,7761
7771,7763
7774,7764
7778,7762
7793,5088
7799,4611
7821,4344
7979,7954
7989,5677
7993,7990
7997,2791
8013,2809
8014,3260
8074,8069
8079,6796
8113,8110
8114,3371
8160,2060
8169,6697
8175,2059
8184,8181
8188,8185
8189,8154
8204,8199
8209,2061
8215,2062
8220,7381
8260,2863
8263,8261
8274,2859
8303,8299
8327,8258
8340,1143
8359,2856
8365,2065
8396,5739
8406,8404
8420,8413
8426,8423
8433,8431
8453,8403
8465,6808
8507,3110
8510,8507
8521,8513
8525,8523
8527,2790
8531,8528
8534,8514
8544,8535
8548,8545
8557,2040
8618,1511
8629,173
8634,346
8652,5036
8660,5740
8673,8644
8744,8740
8747,8668
8754,8751
8776,8774
8781,8778
8785,27
8789,8785
8794,8791
8807,5678
75,22
83,81
86,83
103,25
126,121
137,29
200,57
236,122
258,175
277,181
283,279
366,19
912,536
1039,942
1043,135
1047,134
1209,3110
1262,1254
1278,1255
1294,1257
1312,1266
1495,1493
1512,1511
1534,1525
1563,1560
1683,5211
1775,17
1827,1796
1871,1780
1911,1643
1919,1909
1939,1911
1948,1914
2113,1493
2121,2118
2158,2157
2305,2295
2316,2298
2325,2301
2335,2302
2363,2303
2439,2426
2443,2304
2455,187
2474,1910
2478,1913
2483,1915
2492,1259
2497,1260
2524,97
2557,1479
2568,2564
2574,2570
2611,2066
2674,1538
2678,4837
2679,2677
2684,2682
2708,2704
2793,2791
2807,2806
2812,2809
2831,2827
2838,2834
2869,2793
2886,2797
2897,2801
2917,2847
2922,2852
3009,2857
3012,2861
3017,2858
3021,2860
3045,2949
3081,3079
3121,3118
3126,3124
3132,3128
3146,3116
3151,3147
3170,3167
3190,3185
3193,3186
3202,3197
3237,3182
3324,2946
3335,2945
3357,2856
3359,2952
3384,3382
3417,3413
3426,3422
3431,2796
3488,3486
3503,3260
3514,3117
3565,3561
3652,3648
3672,2947
3674,3344
3726,3722
3758,3254
3759,3758
3765,3763
3800,3754
3810,3755
3866,3818
3878,3820
3910,3907
3936,3925
3938,3904
3940,2832
3960,3750
3966,3767
4064,3530
4090,4087
4096,4089
4112,4108
4126,4121
4207,4203
4213,4196
4231,4199
4245,1604
4262,4255
4276,4092
4285,4118
4292,4288
4297,2864
4308,4084
4338,4303
4379,4374
4397,4379
4404,4388
4412,4393
4415,4391
4458,4448
4471,4467
4503,4499
4525,4485
4538,4533
4545,232
4567,4563
4577,4574
4587,4583
4608,1209
4648,4439
4655,4441
4689,4685
4707,4703
4724,4038
4741,4560
4780,4740
4801,4443
4802,4713
4844,4806
4881,20
4922,4264
4964,4237
5047,4870
5052,3505
5118,3181
5152,4286
5180,2813
5201,1743
5214,1669
5238,3180
5239,3946
5247,3497
5248,2810
5339,5335
5349,5345
5365,5361
5382,3115
5408,5404
5430,5422
5440,5436
5453,1795
5455,1797
5469,5467
5475,1794
5492,5429
5494,5419
5500,5427
5511,1792
5540,59
5541,64
5542,77
5543,94
5561,5317
5574,5382
5615,5611
5653,82
5669,5636
5704,3261
5732,4373
5828,5645
5962,5958
6031,5923
6149,6147
6158,6146
6164,6145
6178,1580
6181,5931
6216,6208
6256,6210
6264,6259
6267,6258
6273,6270
6303,6257
6346,3372
6410,2951
6473,2423
6591,123
6611,6607
6619,6608
6637,6609
6659,6644
6665,6661
6666,120
6670,6666
6678,184
6707,4557
6757,1105
6759,137
6771,6767
6782,6778
6805,6283
6828,6812
6835,6811
6842,6810
6854,6808
6886,6422
6934,6915
7026,6937
7068,5168
7072,7043
7090,7087
7119,7111
7121,7103
7132,7126
7146,7143
7272,7268
7274,7270
7293,3146
7310,7203
7334,7072
7348,3184
7351,21
7370,5637
7395,7378
7429,1256
7433,4428
7438,7434
7458,4435
7473,4431
7483,7479
7484,4668
7516,7504
7529,7507
7535,5390
7548,7544
7553,7548
7564,7561
7571,7545
7572,5323
7580,5331
7591,5322
7598,1791
7610,7605
7684,1258
7700,1779
7714,5354
7727,2052
7764,7760
7768,7761
7775,7764
7779,7762
7794,5088
7800,4611
7923,346
7991,7990
8002,7019
8043,5822
8056,5677
8065,5739
8080,6796
8115,3371
8146,2062
8161,2060
8170,6697
8176,2059
8190,8154
8207,8199
8210,2061
8253,2863
8275,2859
8304,8299
8308,2040
8366,2065
8376,4317
8381,5924
8397,5740
8407,8404
8413,8403
8421,8413
8427,8423
8434,8431
8487,6230
8502,6809
8526,8523
8528,2790
8549,8545
8560,7104
8594,1143
8637,358
8674,8644
8712,1572
8733,7079
8734,7077
8745,8740
8748,8668
8755,8751
8782,8778
8790,8785
8791,27
8795,8774
8796,8791
8806,5678
85,83
98,35
105,25
123,24
125,121
163,29
173,20
183,17
235,122
273,180
278,181
284,279
296,57
305,19
358,27
894,174
920,175
921,536
1050,134
1220,942
1268,1254
1279,1255
1295,1257
1426,1266
1482,187
1496,1493
1516,1511
1553,59
1558,77
1598,1560
1681,1604
1779,3110
1781,1780
1801,1791
1822,1792
1829,1796
1912,1643
1920,1909
1930,1910
1940,1911
1949,1914
2014,1256
2056,2052
2085,2040
2157,2118
2162,2157
2306,2295
2317,2298
2326,2301
2336,2302
2365,2303
2382,2288
2386,22
2440,2426
2444,2304
2454,232
2457,77
2479,1913
2484,1915
2493,1259
2498,1260
2525,97
2558,1479
2569,2564
2575,2570
2670,1525
2680,2677
2681,4837
2709,2704
2794,2791
2814,2813
2823,2820
2857,2856
2871,2793
2931,2864
3018,2858
3028,2940
3122,3118
3124,3117
3139,3134
3171,3167
3176,3146
3186,3184
3203,3197
3231,3181
3238,3182
3248,3186
3325,2946
3336,2945
3348,3344
3367,2947
3418,3413
3427,3422
3475,2066
3483,3254
3489,3486
3500,3260
3569,2809
3648,2832
3653,3648
3690,3561
3719,59
3760,3758
3766,3763
3801,3754
3836,1743
3849,3079
3867,3818
3879,3820
3894,3124
3905,3904
3907,3116
3911,3907
3927,3925
3955,3767
3961,3750
3990,3497
4063,2949
4108,4084
4123,4118
4128,4121
4134,4089
4138,4087
4208,4203
4214,4196
4254,3261
4259,4255
4293,4288
4339,4303
4353,1538
4380,4374
4398,4379
4405,4388
4416,4391
4459,4448
4526,4485
4539,4533
4541,59
4544,94
4547,4038
4588,4583
4602,64
4604,4563
4645,4435
4649,4439
4656,4441
4708,4703
4742,4560
4744,4740
4810,4806
4826,4237
4836,4574
4935,4443
4936,4713
4942,3382
5038,2810
5040,3530
5042,3505
5053,4870
5097,2682
5105,4264
5206,5211
5208,2847
5215,1669
5250,2952
5282,1209
5306,3180
5332,5331
5340,5335
5351,5345
5366,5361
5387,5382
5431,5422
5441,5436
5454,1795
5456,1797
5481,1794
5495,5419
5501,5427
5529,5467
5533,5429
5560,1779
5573,5317
5616,5611
5654,1580
5671,5636
5826,5822
5927,5924
5936,5923
5963,5958
6105,3722
6163,6145
6168,6146
6171,6147
6182,5931
6218,6208
6236,6230
6268,6258
6274,6270
6286,6283
6293,6257
6353,4286
6386,4557
6388,4344
6592,123
6612,6607
6660,6644
6671,120
6677,184
6721,135
6760,137
6811,6808
6816,6809
6837,6811
6843,6810
7006,6422
7034,6937
7061,5739
7075,7072
7079,7043
7082,7079
7095,2852
7107,7104
7147,7143
7155,5168
7290,7268
7298,7270
7311,7203
7336,2951
7354,3946
7356,5645
7363,3185
7396,7378
7439,7434
7474,4431
7476,4428
7485,4668
7489,4685
7517,7504
7530,7507
7536,5390
7540,5404
7554,7548
7566,7561
7573,5323
7588,5322
7611,7605
7645,7544
7685,1258
7795,5088
7801,4611
7924,346
7981,7954
7982,5677
7992,7990
8015,5637
8066,5740
8077,7019
8081,6796
8106,4317
8149,2062
8162,2060
8171,6697
8177,2059
8195,8154
8202,8199
8211,2061
8241,2790
8254,2863
8264,2857
8276,2859
8277,2861
8282,2860
8300,8299
8371,358
8408,8404
8422,8413
8423,8403
8428,8423
8435,8431
8545,3115
8561,7126
8563,7111
8707,6210
8710,1572
8724,81
8749,8668
8783,8778
8799,8791
32,21
89,82
101,25
106,25
120,24
155,35
174,20
244,232
247,22
260,175
285,279
829,17
1041,122
1105,29
1269,1254
1286,1256
1296,1257
1346,19
1427,1266
1555,187
1557,94
1559,64
1564,1560
1581,1580
1599,942
1684,1669
1802,1791
1824,1792
1830,1796
1864,121
1914,1643
1921,1909
1931,1910
1941,1911
2011,1255
2088,2052
2132,1743
2163,2157
2307,2295
2318,2298
2327,2301
2337,2302
2397,1604
2427,2288
2445,2304
2448,59
2449,94
2485,1915
2494,1259
2499,1260
2576,2570
2664,1525
2671,1511
2686,2682
2701,77
2710,2704
2795,2791
2811,2809
2824,2820
2859,2856
2873,2793
2918,2847
2932,2864
2941,2800
3029,2940
3047,2951
3123,3118
3127,3124
3155,3152
3172,3167
3197,3186
3232,3181
3239,3182
3258,3254
3326,2946
3347,3344
3358,2952
3374,3372
3386,3382
3395,2813
3399,3079
3419,3413
3428,3422
3501,3260
3522,3146
3537,3180
3560,1209
3566,3561
3654,3648
3712,1538
3714,2949
3733,3722
3736,2945
3743,3184
3761,3758
3802,3754
3842,83
3868,3818
3880,3820
3897,3767
3912,3907
3917,3904
3928,3925
3948,3946
3962,3750
3993,2066
4076,3486
4089,4087
4114,4108
4173,2810
4209,4203
4215,4196
4261,4255
4302,4121
4310,4084
4340,4303
4400,4379
4406,4388
4417,4391
4460,4448
4507,4374
4517,3763
4527,4485
4578,4574
4589,4583
4617,4563
4650,4439
4658,4441
4709,4703
4734,3530
4743,4560
4745,4740
4811,4806
4838,4837
4919,4237
4981,4288
5013,1493
5080,4870
5099,358
5139,2947
5186,4264
5268,5211
5307,27
5322,5317
5342,5335
5352,5345
5367,5361
5396,5382
5432,5422
5457,1797
5470,5467
5480,1794
5496,5419
5502,5427
5534,5429
5690,346
5694,5645
5794,7990
5808,4533
5810,4443
5811,4713
5885,2677
6002,5923
6058,5822
6150,6147
6165,6145
6220,6208
6233,6230
6269,6258
6275,6270
6294,6257
6302,6283
6433,4038
6593,123
6613,6607
6672,120
6697,2040
6722,135
6733,134
6761,137
6797,81
6810,6808
6833,6812
6844,6810
6858,5739
7021,7019
7062,5740
7076,7072
7083,7079
7087,7043
7094,97
7096,6809
7105,7104
7120,7111
7131,7126
7148,7143
7177,5168
7234,2790
7248,5611
7291,7268
7299,7270
7306,3117
7312,7203
7318,3505
7359,57
7377,3110
7440,7434
7463,4435
7475,4431
7486,4668
7490,4685
7518,7504
7531,7507
7537,5390
7541,5404
7555,7548
7567,7561
7575,5323
7582,5331
7587,5322
7593,1780
7595,4428
7612,7605
7680,1795
7686,1258
7744,6422
7803,4611
7910,3497
7918,3261
7985,5677
8016,5637
8082,6796
8152,5924
8178,2059
8196,8154
8200,8199
8212,2061
8216,2062
8265,2857
8279,2858
8283,2860
8290,2859
8292,2861
8329,2863
8409,8404
8429,8423
8431,8403
8436,8431
8483,6210
8497,4317
8523,3115
8711,1572
8750,8668
8784,8778
29,24
55,21
90,82
104,25
185,17
231,122
286,279
924,536
939,20
1270,1254
1297,1257
1429,175
1480,59
1543,1538
1554,232
1556,121
1565,1560
1579,1572
1582,1580
1671,5211
1750,1743
1782,1780
1810,1791
1826,1792
1913,1643
1922,1909
1932,1910
1942,1911
2012,1255
2013,1256
2057,2052
2059,2040
2068,2066
2166,2157
2319,2298
2328,2301
2338,2302
2344,2288
2351,2295
2446,2304
2459,187
2486,1915
2500,1260
2577,2570
2702,2677
2796,2791
2816,2813
2834,2832
2861,2856
2865,2809
2933,2864
2942,2820
3030,2940
3043,2949
3049,2951
3082,3079
3128,3124
3187,3184
3233,3181
3240,3182
3255,3254
3338,2945
3345,3344
3354,2810
3377,3371
3420,3413
3429,3422
3490,3486
3502,3260
3506,3505
3512,3117
3520,3146
3567,3561
3711,1525
3718,27
3727,3722
3753,3116
3803,3754
3830,2682
3844,1604
3851,2946
3869,3818
3881,3820
3913,3907
3919,3904
3934,3925
3957,3186
3967,3767
3981,35
4025,22
4115,4108
4210,4203
4221,4196
4257,4255
4273,4087
4294,4288
4333,4084
4341,4303
4381,4374
4399,4118
4407,4388
4418,4391
4462,4448
4516,3530
4528,4485
4579,4574
4590,4583
4593,19
4618,4563
4641,4431
4651,4439
4659,4441
4710,4703
4746,4740
4758,4038
4785,3382
4803,4560
4812,4806
4828,4237
4839,4837
4860,2947
4950,3261
4960,4557
5100,4870
5196,1493
5210,2847
5212,1669
5265,3750
5327,5323
5343,5335
5353,5345
5397,5382
5433,5422
5451,1796
5458,1797
5467,3115
5485,1794
5497,5419
5503,5427
5572,1779
5728,358
6025,5924
6033,346
6064,5645
6140,4264
6166,6145
6172,6147
6224,6208
6235,6230
6254,6210
6278,6270
6287,6283
6304,6257
6306,6258
6409,3763
6420,5739
6421,5740
6594,123
6673,120
6723,135
6734,134
6747,29
6762,137
6798,81
6812,6808
6818,6809
6829,6812
6851,6810
6857,6607
7077,7072
7084,7079
7108,7104
7149,7143
7174,3497
7188,3372
7213,5168
7294,7268
7301,7270
7349,3946
7360,57
7379,2790
7441,7434
7442,4428
7487,4668
7491,4685
7519,7504
7532,7507
7538,5390
7542,5404
7556,7548
7568,7561
7600,5361
7604,5322
7605,5317
7613,7605
7617,5429
8010,5677
8017,5637
8045,5822
8062,6422
8083,6796
8166,4317
8179,2059
8193,8154
8205,8199
8213,2061
8218,2062
8246,1209
8272,2857
8280,2858
8286,2860
8291,2859
8331,2863
8341,5923
8410,8404
8430,8423
8437,8431
8492,7019
8559,7043
8621,77
8709,1511
8751,8668
8802,7990
56,21
73,22
91,82
102,25
122,24
147,77
225,120
233,122
287,279
925,536
1045,135
1190,19
1265,1254
1280,1255
1287,1256
1573,1572
1583,1580
1672,1669
1687,5211
1783,1780
1811,1791
1828,1792
1923,1909
1933,1910
1943,1911
2060,2040
2076,2066
2083,27
2124,1493
2130,1743
2164,2157
2308,2295
2320,2298
2329,2301
2346,2288
2414,1511
2415,1525
2447,2304
2458,121
2487,1915
2501,1260
2578,2570
2589,20
2721,1604
2797,2791
2825,2820
2839,2832
2862,2856
2867,2809
2877,2794
2934,2864
3031,2940
3044,2949
3050,2951
3133,3124
3167,3152
3182,3180
3234,3181
3241,3182
3250,3186
3301,3261
3334,2946
3349,3344
3356,2810
3361,2952
3363,2947
3400,3079
3421,3413
3430,3422
3491,3486
3504,3260
3519,3146
3531,3530
3571,3561
3576,2813
3669,2945
3697,536
3723,3722
3742,3184
3792,358
3804,3754
3870,3818
3882,3820
3896,3767
3914,3907
3924,3904
3929,3925
3949,3946
3963,3505
3997,2682
4016,3750
4211,4203
4274,4087
4334,4084
4342,4303
4383,4374
4408,4388
4419,4391
4463,4448
4492,4255
4529,4485
4562,4560
4580,4574
4591,4583
4619,4563
4642,4431
4652,4439
4660,4441
4666,4557
4711,4703
4723,4118
4813,4806
4824,4237
4840,2677
4878,4038
4959,4344
4979,4288
5041,3763
5155,3115
5220,3382
5328,5323
5344,5335
5355,5345
5398,5382
5434,5422
5459,1797
5478,1794
5504,5427
5538,5317
5609,4740
5693,5645
5725,4317
5825,5822
5933,5931
6003,2052
6006,2790
6044,3497
6147,6145
6153,6147
6173,4264
6225,6208
6232,6230
6270,6258
6284,6283
6310,6257
6383,1209
6424,6422
6447,346
6565,5739
6595,123
6649,59
6656,5637
6690,6422
6715,6270
6731,6210
6735,134
6748,29
6763,137
6799,81
6824,6809
6859,5740
6882,4837
7085,7079
7110,7104
7143,7043
7150,7143
7229,5168
7237,3110
7295,7268
7322,7270
7325,7203
7409,1257
7457,4428
7488,4668
7520,7504
7533,7507
7539,5390
7557,7548
7569,7561
7592,5322
7679,1258
7711,1779
7745,1560
7976,3254
7987,5677
8029,6607
8084,6796
8102,3371
8180,2059
8194,8154
8217,2062
8273,2857
8281,2858
8287,2860
8330,2863
8344,5924
8411,8404
8438,8431
8501,6812
8588,2859
8657,7019
8759,8199
57,21
92,82
143,64
150,94
175,20
184,17
190,187
226,120
237,122
238,232
249,35
261,175
288,279
926,536
1143,24
1281,1255
1288,1256
1499,1493
1514,1511
1574,1572
1616,1604
1686,5211
1743,1669
1765,22
1784,1780
1812,1791
1831,1792
1924,1909
1934,1910
1944,1911
2010,1254
2165,2157
2309,2295
2321,2298
2330,2301
2347,2288
2562,1538
2700,77
2725,27
2815,2813
2826,2820
2841,2791
2858,2856
2935,2864
3032,2940
3046,2949
3134,3124
3141,3117
3242,3182
3259,3254
3327,2946
3339,2945
3350,3344
3385,3382
3474,2066
3492,3486
3508,3505
3518,3146
3524,3152
3535,3180
3568,3561
3595,2832
3661,3079
3671,2947
3707,19
3724,3722
3735,536
3744,3184
3805,3754
3871,3818
3883,3820
3915,3907
3922,3904
3999,2682
4026,3750
4048,3767
4091,4087
4217,4196
4295,4288
4312,4084
4384,4374
4420,4391
4428,4344
4465,4448
4530,4485
4581,4574
4603,4560
4621,4563
4661,4441
4673,4557
4712,4703
4848,2677
4877,4237
5078,3261
5121,4870
5205,1743
5249,3497
5256,3115
5357,5345
5370,5317
5399,5382
5435,5422
5476,1794
5524,3925
5648,5645
5714,59
5822,25
5934,5923
5948,5931
5986,358
6162,6147
6204,4264
6226,6208
6234,6230
6255,6210
6277,6270
6291,6257
6309,6283
6312,1580
6428,3946
6431,4038
6450,2951
6724,135
6739,134
6749,29
6800,81
6838,6812
6901,2052
7023,7019
7115,346
7135,5739
7282,4317
7296,7268
7314,5168
7323,7270
7410,1257
7432,4428
7501,121
7522,7504
7534,7507
7558,7548
7570,7561
7590,5322
7681,4431
7682,5323
7709,1779
7724,7143
7734,7079
7747,1560
7922,3530
7999,5677
8030,123
8042,5822
8085,6796
8136,2952
8137,5924
8192,8154
8203,8199
8237,3110
8258,2863
8288,2860
8298,6607
8356,6809
8476,6422
8562,2857
8741,2040
8818,1209
34,27
118,19
151,94
176,20
189,187
227,120
239,122
251,232
289,279
927,536
1282,1255
1289,1256
1443,21
1484,59
1530,1525
1560,24
1566,1560
1584,1580
1813,1791
1832,1792
1925,1909
1935,1910
1945,1911
2061,2040
2070,2066
2082,121
2133,1743
2137,1511
2290,82
2310,2295
2322,2298
2331,2301
2383,2288
2423,17
2655,1572
2827,2820
2860,2856
2878,2794
2936,2864
3003,2791
3033,2940
3083,3079
3109,1493
3140,3124
3243,3182
3328,2946
3340,2945
3351,3344
3365,2947
3387,3382
3495,3486
3509,3505
3523,3152
3710,1604
3732,3722
3745,3184
3806,3754
3811,536
3872,3818
3884,3820
3898,3767
3918,3904
3930,3925
3941,2832
3952,3946
3964,3117
3965,3146
4038,3260
4066,3750
4086,3561
4116,4084
4218,4196
4283,4087
4317,25
4385,4374
4421,4391
4474,4448
4531,4485
4542,64
4543,77
4563,4560
4582,4574
4622,4563
4643,4431
4662,4441
4674,4557
4740,3110
4754,3180
4825,4237
4847,2677
4854,2682
4861,22
4879,4038
5069,2951
5160,4870
5272,3115
5317,2790
5329,5323
5358,5345
5400,5382
5482,1794
5521,346
5646,5645
5684,5636
5775,3261
5938,5923
5939,5931
6043,3497
6104,4317
6151,6147
6189,2813
6227,6208
6285,6283
6292,6257
6330,4288
6357,2949
6411,4264
6481,35
6490,358
6504,5822
6554,5739
6624,1209
6699,6270
6709,175
6726,135
6740,134
6750,29
6796,81
6840,6812
6891,6809
7024,7019
7086,7079
7134,5740
7141,2052
7151,7143
7297,7268
7324,7270
7335,5168
7411,1257
7434,4344
7445,7434
7459,4428
7594,5322
7616,7605
7639,7548
7670,1254
7677,1780
7975,3254
8086,6796
8099,3371
8191,8154
8261,2863
8289,2860
8440,8431
8485,6230
8493,2952
8655,6422
74,22
152,94
186,17
228,120
250,232
290,279
917,21
928,536
1290,1256
1491,20
1517,1511
1536,1525
1545,1538
1567,1560
1575,1572
1619,1604
1749,1743
1776,358
1785,1780
1833,1792
1926,1909
2062,2040
2069,2066
2084,27
2092,19
2111,1580
2125,1493
2311,2295
2332,2301
2456,64
2688,2682
2798,2791
2879,2794
2944,2820
2947,2856
3034,2940
3084,3079
3173,3152
3183,3180
3256,3254
3332,2946
3353,3344
3496,3486
3513,3117
3561,2809
3673,2947
3698,2813
3699,2832
3746,3184
3770,3767
3788,3124
3826,536
3843,35
3873,3818
3885,3820
3920,3904
3931,3925
3950,3946
4007,3261
4061,2945
4145,3750
4219,4196
4239,4237
4284,4087
4288,2864
4290,4288
4335,4084
4386,4374
4422,4391
4430,4344
4475,4448
4532,4485
4560,2790
4623,4560
4663,4441
4678,4557
5010,3722
5070,2951
5138,3382
5200,4870
5251,3110
5323,5317
5360,5345
5401,5382
5483,1794
5695,5636
5697,5645
5765,2677
5823,5822
5940,5923
5942,5931
5974,346
5988,3146
6046,59
6076,82
6152,6147
6228,6208
6238,6230
6280,6270
6283,6257
6308,6283
6429,3497
6439,4264
6484,4038
6505,5739
6555,5740
6708,175
6727,135
6741,1209
6742,134
6767,122
6892,6809
6903,3260
6946,6422
7025,7019
7152,7143
7230,2052
7372,1255
7412,1257
7460,4428
7472,4431
7574,5323
7599,1791
7601,5322
7664,7434
7665,7605
7782,5168
7988,5677
8119,3371
8199,8154
8238,3115
8441,8431
8580,6812
8635,4317
8808,81
8859,2952
44,21
72,22
153,35
159,358
191,187
229,120
298,19
931,536
1271,1254
1283,1255
1291,1256
1461,94
1478,232
1500,1493
1518,1511
1531,1525
1570,1560
1572,17
1622,1604
1786,1780
1814,1791
1915,1643
1927,1909
2054,2052
2071,2066
2284,1743
2312,2295
2349,2288
2610,2040
2724,27
2799,2791
2943,2813
2945,2820
3035,2940
3095,3079
3175,3152
3329,2946
3341,2945
3352,3344
3366,2947
3517,3117
3540,3180
3713,1538
3747,3184
3782,3767
3828,2682
3874,3818
3886,3820
3933,3925
3942,536
4010,3946
4147,3750
4180,3371
4203,4196
4237,2809
4332,4084
4346,1572
4387,4374
4423,4391
4432,4344
4479,4448
4626,4560
4680,4557
4753,4038
4841,2677
4912,64
5237,4870
5254,2790
5402,5382
5450,1792
5473,3486
5539,5317
5683,5636
5698,5645
5729,3904
5824,5822
5866,59
5905,2832
5943,5931
6032,5923
6145,3115
6230,6208
6240,6230
6281,6270
6318,5739
6343,1209
6345,4237
6506,5740
6510,4264
6710,175
6728,135
6738,3110
6743,134
6775,122
6985,3497
7007,6422
7027,7019
7058,6809
7093,346
7153,7143
7464,4428
7493,4431
7576,5323
7602,5322
7760,20
7932,5168
7937,4317
7973,3254
7984,5677
8153,6147
8328,2863
8360,2856
8401,3261
8442,8431
8832,81
76,22
79,77
140,121
177,20
359,21
825,25
933,536
1056,120
1272,1254
1460,64
1486,59
1519,1511
1568,1560
1585,1580
1624,1604
1675,94
1773,187
2065,2040
2313,2295
2350,2288
2607,1538
2723,27
2800,2791
2938,2832
3036,2940
3085,3079
3257,3254
3368,2947
3379,3371
3507,3486
3525,3152
3539,3180
3675,3344
3696,2945
3728,3722
3748,3184
3831,3261
3850,2946
3921,3904
3944,536
3968,3767
4171,3750
4238,4237
4255,4087
4311,4084
4343,2809
4354,1743
4374,2790
4388,4374
4431,4344
4478,4448
4568,4560
4605,2052
4644,4431
4681,4557
4816,19
4843,2677
4856,2682
4917,4038
5267,4870
5330,5323
5372,5317
5409,5382
5647,1209
5708,358
5787,3925
5886,1525
5888,2820
5947,5931
5987,3117
6000,5822
6026,5923
6135,2813
6143,5739
6208,3110
6279,6270
6319,5740
6338,1572
6430,3497
6604,4264
6711,175
6744,134
6778,122
6804,35
6815,6812
6915,3115
7028,7019
7102,6809
7112,3382
7114,81
7286,4317
7477,4428
7603,5322
7676,1780
7909,3946
7950,2066
7958,5636
7983,5677
8003,5168
8039,346
8067,5645
8255,2863
8361,2856
8443,8431
8488,6230
8864,6422
127,121
148,77
178,20
262,175
310,94
828,22
934,536
935,536
1118,19
1458,64
1520,1511
1532,1525
1571,1560
1576,1572
1580,81
1625,1604
1748,1743
1787,1780
2053,2052
2170,59
2314,2295
2428,2288
2436,187
2606,1580
2722,27
2801,2791
2817,2813
2844,2832
3037,2940
3086,3079
3279,3261
3331,2946
3342,2945
3516,3486
3749,3184
3777,3767
3916,3904
3946,3254
3988,536
4024,3180
4236,3946
4246,3750
4303,4084
4391,4374
4480,4448
4569,4560
4664,2947
4682,4557
4768,4038
4842,2677
4920,4237
5153,2790
5280,4870
5374,5317
5411,5382
5595,4344
5696,5645
5774,5636
5788,3925
5923,3110
5931,5923
5935,5931
6077,5739
6144,5740
6440,3497
6714,4264
6745,134
6783,122
6817,6812
6904,2809
6936,346
7005,6422
7030,7019
7225,6809
7352,21
7378,3115
7672,1254
7942,35
7948,358
7949,2066
7954,5677
8028,120
8100,3371
8251,2040
8373,5168
8486,6230
8496,4317
8638,2682
45,21
80,77
158,358
263,175
937,536
1140,35
1273,1254
1501,1493
1521,1511
1547,1538
1569,1560
1626,1604
1838,1779
2131,1743
2420,2066
2672,1525
2682,2677
2802,2791
3038,2940
3260,3115
3380,3371
3401,3079
3456,1209
3521,3486
3541,3180
3655,2946
3715,94
3722,27
3755,3184
3923,3904
3937,3925
3951,3946
4000,3767
4011,536
4250,3750
4345,1572
4393,4374
4429,4038
4433,4344
4481,4448
4624,4560
4683,4557
4733,4237
4792,2052
4799,1580
4853,2682
4857,346
5103,2813
5171,20
5270,2790
5315,4870
5331,5317
5410,5382
5678,5677
5685,5636
5727,59
5818,64
5881,3722
5937,5931
5995,121
6012,3110
6060,5739
6078,5740
6425,6422
6485,2832
6584,3261
6746,134
6784,122
6819,6812
6845,4264
7675,1780
8004,7019
8057,2945
8107,4317
8305,2863
8463,19
8658,5168
248,22
264,175
938,536
1322,19
1402,35
1511,21
1533,1525
1617,1604
1788,1780
2066,2040
2384,2288
2545,121
2597,94
2673,1743
2689,2682
2804,2791
2845,2832
3039,2940
3087,3079
3108,1493
3220,64
3261,3115
3333,2946
3343,2945
3381,3371
3457,1209
3528,3486
3542,3180
3769,3767
3833,1572
3925,3184
3935,3925
4014,536
4073,346
4174,2066
4243,4237
4356,3750
4363,2052
4434,4344
4476,4448
4570,4560
4632,3946
4692,4557
5007,3722
5156,3110
5375,5317
5412,5382
5514,4870
5737,77
5795,5677
5820,5636
5944,5931
5996,3261
6029,5739
6059,5740
6334,1511
6375,1538
6603,2813
6785,122
6871,4264
6883,6422
6897,6812
6923,4038
7345,3904
7669,1254
7752,1560
7962,358
8133,7019
8154,2790
8355,2863
8498,4317
97,35
179,20
265,175
940,536
1274,1254
1498,1493
1513,1511
1525,22
1549,1538
1577,1572
1789,1780
1862,59
2055,2052
2288,3110
2353,2288
2395,1604
2605,1580
2687,2682
3040,2940
3538,3486
3543,3180
3594,1209
3662,3079
3786,3767
3793,358
3820,3184
3838,1743
3906,3904
4017,536
4087,3115
4172,2832
4240,4237
4435,4344
4477,4448
4572,4560
4693,4557
4863,2813
4869,3750
4930,4038
5008,3722
5377,5317
5413,5382
5597,4870
6007,5739
6030,5740
6050,121
6100,4317
6335,1525
6500,5677
6632,77
6766,2790
6786,122
6823,6812
6895,4264
6945,5636
7170,7019
7194,346
7220,3371
7347,3925
7707,6422
7749,1560
7818,3261
8256,2863
8362,2040
8572,19
41,346
141,64
154,35
157,358
266,175
1275,1254
1522,1511
1535,1525
1550,1538
1618,1604
1705,19
1790,1780
1843,1779
2073,2066
2429,2288
2805,2791
2846,2832
3041,2940
3088,3079
3296,3261
3382,3371
3458,1209
3544,3180
3730,3722
3768,3767
3998,2682
4020,2813
4035,536
4241,4237
4277,346
4436,4344
4482,4448
4546,2052
4573,4560
4694,4557
4926,3750
4965,4038
5088,20
5204,1743
5379,5317
5414,5382
5621,4870
5629,1572
5687,5636
5702,77
5786,3925
5902,5739
5915,1580
6008,5740
6257,2790
6830,6812
6875,121
7013,4264
7139,4317
7417,7019
7746,1560
8041,59
8063,6422
8299,2863
8309,2040
8333,122
8625,1493
145,64
267,175
947,536
1200,358
1276,1254
1483,59
1523,1511
1586,1580
1631,1604
1643,3110
2430,2288
2592,20
2627,2066
2806,2791
2809,2790
2847,2832
3056,2813
3116,3115
3286,3261
3402,3079
3459,1209
3553,3486
3839,1743
3852,35
3904,3180
3926,3925
3996,3722
4019,77
4029,19
4049,3767
4052,536
4242,4237
4437,4344
4483,4448
4583,4560
4695,4557
4927,3750
5096,2682
5335,5317
5415,5382
5559,2052
5639,5636
5658,4870
5742,5740
5864,5739
5911,1493
6337,1572
6847,6812
6868,4317
6877,121
6924,4038
7031,7019
7136,1525
7169,6422
7178,4264
7710,1779
8310,2040
8738,346
66,64
180,20
268,175
949,536
1201,358
1415,19
1524,1511
1538,35
1588,1580
1621,1604
1747,1743
1845,1779
2106,1572
2690,2682
2813,2790
2946,2791
2950,2813
3112,1525
3180,3115
3403,3079
3432,2940
3460,1209
3554,3486
3731,3722
3754,3180
3771,3767
3932,3925
4053,536
4438,4344
4484,4448
4696,4557
4918,4038
4976,3750
5345,5317
5416,5382
5715,4870
5743,5740
5780,5739
5802,5636
5904,2832
6175,3261
6627,77
6849,6812
6980,121
7101,2066
7168,6422
7226,7019
7308,4264
7995,2052
8311,2040
142,64
950,536
1202,358
1361,19
1502,1493
1537,1525
1587,1580
1744,1743
1847,1779
2151,346
2355,2288
2388,77
2433,1572
2563,3110
2691,2682
2818,2813
3184,3115
3404,3079
3433,2940
3461,1209
3478,20
3555,3486
3646,2832
3818,3180
3845,1604
4062,536
4084,2790
4439,4344
4511,4448
4634,3767
4697,4557
4998,3750
5361,5317
5417,5382
5523,4038
5745,5740
5753,4870
5895,2066
5903,5739
6947,6422
6986,121
7822,4264
8026,2052
8458,7019
8512,6812
8624,3261
25,3110
129,19
144,64
951,536
1203,358
1578,1572
1630,1604
1692,346
1755,1743
2416,1525
2431,2288
2596,20
2791,2790
2819,2813
3254,3115
3281,3261
3405,3079
3462,1209
3557,3486
3709,2940
3953,3767
4085,536
4441,4344
4485,4448
4698,4557
4916,4038
5034,3750
5418,5382
5488,1779
5691,5636
5741,5740
5764,4870
5899,5739
5910,1493
5965,77
6005,4317
7059,121
7217,6422
7900,4264
8059,7019
19,3110
62,59
955,536
1204,358
1442,20
1455,64
1589,1580
1623,1604
1746,1743
1849,1779
2074,2066
2357,2288
2820,2790
2849,2832
2948,2813
3113,1572
3304,3261
3463,1209
3493,19
3558,3486
3657,3079
3853,2940
4023,3767
4148,536
4443,4344
4499,4448
4699,4557
4769,4038
5065,346
5085,3750
5420,5382
5636,3115
5645,5636
5744,5740
5746,5739
5785,4870
7010,6422
7033,7019
7113,121
7753,4317
7936,77
8398,4264
181,20
182,59
956,536
1371,358
1456,64
1504,1493
1632,1604
1796,1779
2358,2288
2419,2066
2711,19
2832,2790
2850,2832
3290,3261
3464,1209
3559,3486
3658,3079
4018,2940
4313,3767
4700,4557
4752,4038
4797,4344
4831,1572
4893,2813
5072,346
5098,3750
5203,1743
5442,3115
5520,5382
5748,5739
5805,4870
5865,5740
6313,1580
7032,7019
7123,121
7940,4317
8452,6422
399,19
911,59
957,536
1374,358
1459,64
1627,1604
1745,1743
2008,1572
2381,2288
2851,2832
2957,2813
3293,3261
3371,2790
3465,1209
3556,2066
3659,3079
3780,3767
3832,3486
4027,2940
4192,4038
4252,536
4611,20
4701,4557
5101,3750
5151,1580
5245,346
5422,5382
5749,5739
5781,5740
5840,4870
5877,3115
7044,7019
7173,121
7713,1779
7813,1493
8051,6422
8593,4344
8837,4317
20,3110
958,536
1221,59
1386,358
1628,1604
1753,1743
2075,2066
2359,2288
2432,1572
2852,2832
2958,2813
3089,3079
3466,1209
3775,3767
3892,19
4548,4038
4702,4557
5130,3750
5218,1493
5227,3115
5436,5382
5596,346
5677,2790
5747,5740
5750,5739
5868,4870
5906,3261
6626,64
6950,6422
7045,7019
7227,121
7469,4317
7712,1779
8382,20
21,3110
959,536
1505,1493
1634,1604
1751,1743
1857,59
2360,2288
2752,19
2853,2832
2856,2790
3090,3079
3307,3261
3467,1209
3969,3767
4036,2940
4045,3486
4355,1580
4703,4557
5068,2066
5150,3750
5530,5382
5598,2813
5751,5739
5887,4870
5901,5740
6010,3115
6057,346
6339,1572
6691,6422
6692,64
7245,121
7418,7019
8636,4317
22,3110
279,20
409,19
961,536
1487,59
1592,1580
1633,1604
2385,2288
2400,2066
2854,2832
2864,2790
2966,2813
3267,3261
3468,1209
3663,3079
3774,3767
3837,1493
4037,2940
4078,3486
4713,4557
5170,3750
5752,5739
5816,5740
5955,4870
6399,4317
6469,346
6889,6422
7046,7019
7277,121
35,3110
962,536
1492,20
1590,1580
2077,2066
2143,1604
2863,2790
2925,2832
2967,2813
3091,3079
3275,3261
3750,3115
4001,3767
4065,2940
4179,3486
4512,1209
4728,4557
5055,59
5187,3750
5815,5739
5900,5740
5973,4870
6039,4317
6943,19
6951,6422
7047,7019
7392,121
81,3110
130,19
1493,20
2123,1493
2295,2288
2939,2832
3055,2813
3273,3261
3469,1209
3737,3079
3772,3767
4144,2940
4181,3486
4448,3115
4729,4557
5193,3750
5998,4870
6315,1580
6333,2066
7103,2790
7172,7019
7399,6422
7471,4317
7751,121
7811,59
419,19
964,536
1855,1779
2142,1604
2298,2288
2969,2813
3455,1209
3668,3079
3682,3261
3773,3767
3817,3115
4043,4038
4195,3486
4300,2832
4551,2940
5087,59
5194,3750
6020,4870
6808,3110
6885,6422
7048,7019
7267,2790
7780,2066
7928,121
30,19
965,536
1266,1209
1594,1580
1852,1779
2301,2288
2396,1604
3092,3079
3900,3767
3991,2832
4190,4038
4253,3486
4628,2940
4933,3261
5199,3750
5908,1493
6045,4870
6089,2813
6156,2790
6376,2066
6680,59
6881,3115
6959,6422
7959,121
8403,3110
8494,7019
966,536
1313,1209
1595,1580
1629,1604
1850,1779
2110,19
2302,2288
2855,2832
2940,2790
2968,2813
3110,2
3266,3261
3664,3079
3734,2066
3954,3767
4191,4038
4263,3486
4351,59
4761,2940
5232,3750
6047,4870
6906,3115
7167,6422
7960,121
8058,7019
24,3110
61,59
976,536
1636,1604
2426,2288
2516,1580
2731,1779
2790,2
3051,2813
3344,2832
3477,2790
3552,1209
3660,3079
4051,2066
4267,3486
4330,3767
4424,4038
4767,2940
5253,3750
5755,3261
5845,19
6048,4870
6423,6422
6916,3115
8006,7019
8070,121
434,19
977,536
1637,1604
2078,2066
2303,2288
2773,1779
2970,2813
3115,2
3292,3261
3647,2790
3656,3079
3970,3767
4272,3486
4597,1209
4872,2940
5124,59
5290,3750
6061,4870
6183,1580
6483,4038
7203,3115
7742,6422
8008,7019
8071,121
1036,536
1254,1209
1638,1604
1707,19
1848,1779
2040,3110
2304,2288
2366,2066
2424,1580
2971,2813
3265,3261
3486,2
3776,3767
3992,3079
4196,2790
4281,3486
4873,2940
5292,3750
5796,59
6079,4870
6432,4038
7049,7019
7307,3115
8050,6422
8078,121
17,3110
477,19
1037,536
1255,1209
2398,1604
3476,2066
3778,3767
4008,2813
4013,3079
4264,2
4368,3486
4552,2790
4921,2940
5032,3261
5293,3750
5776,59
6101,4870
6316,1580
6960,4038
7327,3115
7743,6422
8009,7019
8087,121
27,3110
1038,536
1256,1209
1320,19
1639,1604
2367,2066
2737,1779
2973,2813
3666,3079
3971,3767
4268,2
4372,3486
4851,2790
4977,1580
5295,3750
5624,3261
6122,4870
7912,6422
8109,121
8227,3115
493,19
1053,536
1259,1209
1640,1604
2425,1580
2677,3110
3093,3079
3306,3261
3618,2813
3972,3767
4373,3486
4425,2
4956,2940
5168,2790
5321,3750
6176,4870
6693,6422
8116,121
8668,3115
1054,536
1257,1209
1441,19
1641,1604
2974,2813
3094,3079
3779,3767
4376,3486
4968,2940
5462,3750
5673,3261
6199,4870
6419,2
6879,3110
7302,2790
8159,121
8865,6422
172,19
1055,536
1258,1209
1841,1779
2975,2813
3096,3079
3294,3261
3846,1604
3973,3767
4520,3486
4975,2940
5527,3750
6295,4870
6937,3110
7756,2
8235,121
8863,6422
1057,536
1260,1209
2736,1779
2976,2813
3665,3079
3677,3261
3847,1604
4995,2940
5532,3750
6301,4870
6422,3110
7788,19
7967,6422
8350,121
1329,19
1840,1779
3156,2813
3413,1209
3784,3767
3848,1604
4735,3486
4997,2940
5553,3750
6322,4870
7043,3110
7952,3261
8384,121
8678,3079
509,19
1059,536
1642,1604
2774,1779
3298,3261
3422,1209
3785,3767
4787,3486
5558,3750
5738,3110
6385,4870
6954,2813
8464,121
1060,536
1620,1604
2118,3110
3268,3261
3787,3767
4533,1209
4944,3486
5028,19
5076,2940
5419,1779
5593,3750
6412,4870
7951,2813
8473,121
361,3110
1061,536
3280,3261
3627,2813
3789,3767
4974,3486
5129,2940
5427,1779
5701,3750
6474,4870
8345,19
8481,121
8591,1209
536,3110
1082,536
1439,19
2977,2813
3283,3261
3974,3767
5133,3486
5144,2940
5429,1779
5709,3750
6475,4870
8489,121
8592,1209
941,3110
1083,536
1321,19
2978,2813
3899,3767
5146,3486
5173,2940
5783,3750
6514,4870
6582,3261
8491,121
8598,1209
1084,536
1596,3110
1780,1779
3825,3261
4331,3767
4835,19
5189,2940
5197,3486
6017,3750
6141,2813
6536,4870
8567,121
1098,536
1327,19
1763,3110
1791,1779
2979,2813
3297,3261
5195,2940
5233,3486
6021,3750
6600,4870
8574,121
1099,536
1792,1779
2147,3110
2768,19
2980,2813
3274,3261
5236,2940
5240,3486
6022,3750
6658,4870
8587,121
1100,536
1794,1779
2435,3110
3680,3261
4953,2813
5264,2940
5269,3486
6023,3750
6328,19
6712,4870
8616,121
117,19
1103,536
1795,1779
2981,2813
3271,3261
5281,3486
5289,2940
6024,3750
6718,4870
8628,121
1110,536
1797,1779
2982,2813
4446,3110
5300,2940
5311,3486
6063,3750
6725,4870
7737,19
8643,121
464,19
2764,1779
3269,3261
3581,2813
4549,3110
5320,2940
5354,3486
6114,3750
6813,4870
8663,121
168,19
1112,536
3270,3261
3582,2813
4625,3110
5461,2940
5479,3486
6299,3750
6853,4870
8694,121
132,19
1113,536
3681,3261
4717,3110
4793,4317
5484,3486
5528,2940
6856,4870
7897,2813
8698,121
1114,536
3213,19
4759,3110
5231,3261
5487,3486
5555,2940
6332,3750
6884,4870
8377,4317
8474,2813
8708,121
131,19
1119,536
2983,2813
4772,3110
5531,3486
5556,2940
6133,3261
6382,3750
6890,4870
8378,4317
8767,121
1135,536
2637,19
3584,2813
4822,3110
5587,2940
5588,3486
6393,3750
6914,4870
7285,4317
8400,3261
8800,121
1136,536
2984,2813
3984,3261
4870,3110
4891,19
4909,4317
5592,2940
5599,3486
6434,3750
6917,4870
8814,121
1137,536
2630,19
2985,2813
3299,3261
5665,2940
5784,3486
6019,3110
6575,3750
6944,4870
8841,4317
1138,536
2986,2813
5242,19
5692,2940
5800,3486
6601,3750
6953,4870
7305,3110
8103,4317
8124,3261
415,19
3107,2813
5699,2940
5812,3486
6602,3750
6964,4870
8456,4317
8467,3110
8852,3261
412,19
5703,3261
5713,2940
5951,3486
6872,3750
7004,4870
7808,4317
8349,2813
1148,536
3314,3261
5731,2940
5990,3486
6861,2813
6873,3750
7011,4870
7283,4317
300,19
1152,536
5757,2940
5991,3486
6426,2813
7014,4870
7166,3750
8320,4317
8353,3261
301,19
1153,536
2987,2813
3300,3261
5759,2940
6001,3486
7057,4870
7176,3750
8352,4317
303,19
1154,536
3716,2813
4175,3261
5760,2940
6014,3486
7067,4870
7236,3750
8819,4317
171,19
1155,536
3106,2813
5801,2940
6091,3486
6377,3261
7157,4870
7246,3750
8500,4317
1160,536
2988,2813
3318,3261
5809,2940
6095,3486
7180,4870
7364,3750
437,19
1161,536
2990,2813
5821,2940
7212,4870
7426,3261
304,19
1162,536
2995,2813
3277,3261
5827,2940
6111,3486
7214,4870
7391,3750
476,19
1165,536
2996,2813
5884,2940
6186,3486
7244,4870
7692,3750
8671,3261
524,19
1166,536
4954,3261
5075,2813
6016,2940
6300,3486
7253,4870
7812,3750
394,19
1167,536
2997,2813
3310,3261
6018,2940
6358,3486
7276,4870
7929,3750
1172,536
3159,2813
3278,3261
6229,2940
6359,3486
7315,4870
8025,3750
302,19
1174,536
4971,2813
6298,2940
6397,3486
6437,3261
7316,4870
8047,3750
170,19
1184,536
3272,3261
6320,2940
6321,2813
6398,3486
7341,4870
8139,3750
1187,536
3282,3261
6348,2940
6463,3486
7344,4870
8141,3750
306,19
1188,536
3218,2813
3276,3261
3587,2813
6349,2940
6597,3486
7362,4870
8144,3750
309,19
1189,536
3217,2813
6408,2940
6598,3486
7365,4870
8214,3750
8662,3261
1194,536
2998,2813
5956,3261
6477,2940
6874,3486
7397,4870
8348,3750
313,19
1197,536
5804,3261
6478,2940
6893,3486
7465,4870
7825,2813
8399,3750
314,19
1198,536
2999,2813
3312,3261
6479,2940
6918,3486
7723,4870
8564,3750
315,19
1199,536
3054,2813
4553,3261
6925,3486
6965,2940
7759,4870
8640,3750
317,19
1212,536
3000,2813
4934,3261
6926,3486
6968,2940
7810,4870
8648,3750
318,19
1213,536
3001,2813
3315,3261
6938,3486
6971,2940
7858,4870
8762,3750
1214,536
3002,2813
3284,3261
7003,2940
7930,4870
1215,536
3004,2813
3285,3261
7122,3486
7140,4317
7179,2940
7931,4870
321,19
1216,536
3287,3261
3827,2813
7189,3486
7238,2940
7965,4870
342,19
1217,536
3288,3261
3390,19
4892,2813
6400,4317
7240,3486
7247,2940
7968,4870
341,19
1218,536
3005,2813
3291,3261
3391,19
7313,2940
7358,3486
8031,4870
8610,4317
344,19
1219,536
3006,2813
3295,3261
3412,19
7375,3486
7384,2940
8033,4870
8723,4317
339,19
340,19
1222,536
3302,3261
3589,2813
3683,19
7381,3486
7691,2940
8049,4870
8156,4317
337,19
1224,536
3053,2813
3303,3261
3684,19
7401,3486
7781,2940
8094,4870
8721,4317
336,19
1225,536
3057,2813
3305,3261
3685,19
7430,3486
7919,2940
8131,4870
8838,4317
335,19
1226,536
3058,2813
3308,3261
3686,19
7505,3486
7920,2940
8132,4870
334,19
1227,536
3059,2813
3309,3261
3687,19
7702,3486
7956,2940
8140,4870
333,19
1234,536
3060,2813
3311,3261
3688,19
7925,3486
7957,2940
8236,4870
332,19
1235,536
3061,2813
3313,3261
3689,19
6067,4317
7969,2940
8069,3486
8357,4870
331,19
1239,536
3062,2813
3316,3261
3691,19
7899,4317
7978,2940
8110,3486
8380,4870
330,19
1240,536
3063,2813
3317,3261
3692,19
7470,4317
8005,2940
8150,3486
8394,4870
328,19
1236,536
3064,2813
3693,19
5782,3261
8038,2940
8181,3486
8316,4317
8454,4870
327,19
1241,536
3065,2813
3678,3261
3694,19
7938,4317
8061,2940
8185,3486
8475,4870
326,19
1242,536
3066,2813
3679,3261
3703,19
8091,2940
8296,3486
8556,4870
329,19
1252,536
3067,2813
3706,19
8097,2940
8297,3486
8620,4870
325,19
338,19
1253,536
3068,2813
3702,3261
3708,19
8134,2940
8374,3486
8676,4870
324,19
1314,536
3069,2813
3704,3261
3720,19
8135,2940
8535,3486
8697,4870
323,19
3070,2813
3705,3261
3721,19
5792,536
8223,2940
8581,3486
8761,4870
322,19
3071,2813
3739,19
3982,3261
6620,536
6688,4317
8383,2940
8597,3486
8810,4870
343,19
1315,536
3074,2813
3740,19
4002,3261
8455,2940
8644,3486
8866,4870
362,19
1362,536
3756,19
4021,3261
7284,4317
8568,2940
8786,3486
392,19
1363,536
3077,2813
4022,3261
8641,2940
8722,4317
8809,3486
363,19
3105,2813
4079,3261
8393,4317
8642,2940
8816,3486
1365,536
3157,2813
4176,3261
6629,19
7941,4317
8656,2940
364,19
1366,536
3158,2813
3814,19
4177,3261
8024,4317
8742,2940
365,19
1369,536
3214,2813
3815,19
4814,3261
7939,4317
8764,2940
367,19
1372,536
3370,2813
3816,19
3821,19
4324,3261
8765,2940
8842,4317
368,19
1373,536
3822,19
4325,3261
8317,4317
8769,2940
1387,536
3389,2813
3823,19
4327,3261
8104,4317
8824,2940
370,19
1389,536
3392,2813
3887,19
4328,3261
7467,4317
8858,2940
371,19
1390,536
3393,2813
3888,19
4554,3261
8839,4317
372,19
1391,536
3394,2813
3889,19
4727,3261
6502,4317
3396,2813
3890,19
4990,3261
7138,4317
1395,536
3397,2813
3891,19
5023,3261
7137,4317
376,19
1396,536
3407,2813
3893,19
5123,3261
7280,4317
377,19
1397,536
3409,2813
3958,19
5159,3261
8379,4317
378,19
1398,536
3410,2813
3959,19
5229,3261
8840,4317
379,19
1399,536
3411,2813
3979,19
5333,3261
8375,4317
380,19
1400,536
3580,2813
3985,19
5568,3261
7468,4317
381,19
1401,536
4005,19
5623,3261
6501,4317
382,19
1403,536
3435,2813
4006,19
5773,3261
1404,536
3436,2813
4009,19
5869,3261
3437,2813
4015,19
5814,536
5870,3261
385,19
1405,536
3438,2813
4028,19
5872,3261
386,19
1406,536
3439,2813
4030,19
5989,3261
388,19
1418,536
3441,2813
4031,19
6347,3261
1419,536
3442,2813
4032,19
6354,3261
1420,536
3443,2813
4033,19
6435,3261
391,19
1421,536
3444,2813
4054,19
6449,3261
393,19
1422,536
3445,2813
4055,19
6580,3261
395,19
1423,536
3446,2813
4056,19
6581,3261
1425,536
3447,2813
4057,19
6583,3261
397,19
1434,536
3448,2813
4058,19
6896,3261
398,19
1435,536
4059,19
6931,3261
1436,536
3450,2813
4060,19
4080,19
7124,3261
3451,2813
4081,19
7125,3261
1446,536
3452,2813
4082,19
7408,3261
1447,536
3453,2813
4149,19
7826,3261
404,19
1448,536
3454,2813
4150,19
7898,3261
405,19
1449,536
3485,2813
4151,19
8022,3261
406,19
1468,536
3547,2813
4188,19
8130,3261
1469,536
3548,2813
4194,19
8219,3261
408,19
1470,536
3549,2813
4225,19
8224,3261
410,19
1471,536
3550,2813
4226,19
4228,19
8672,3261
1474,536
3551,2813
4249,19
1476,536
3575,2813
4266,19
4278,19
1477,536
3577,2813
4279,19
1479,536
3578,2813
4280,19
3579,2813
4282,19
4329,19
7056,536
418,19
1485,536
3583,2813
1488,536
3585,2813
421,19
3586,2813
1507,536
3588,2813
424,19
1508,536
3590,2813
1509,536
3591,2813
1551,536
3592,2813
426,19
1552,536
3593,2813
1645,536
3596,2813
1653,536
3597,2813
1654,536
3598,2813
1658,536
3599,2813
1660,536
3600,2813
432,19
1673,536
3601,2813
3602,2813
435,19
1694,536
3603,2813
1695,536
3604,2813
1696,536
3605,2813
439,19
1736,536
3607,2813
1756,536
3608,2813
441,19
1757,536
3609,2813
1760,536
3610,2813
443,19
1761,536
3611,2813
1816,536
3612,2813
1856,536
3613,2813
446,19
3614,2813
6243,4317
447,19
1865,536
3615,2813
8499,4317
1867,536
3616,2813
8319,4317
449,19
1877,536
3617,2813
6340,4317
2003,536
3619,2813
3620,2813
451,19
2004,536
3621,2813
6342,4317
452,19
2006,536
3622,2813
453,19
2015,536
3623,2813
2023,536
3624,2813
2035,536
3625,2813
456,19
2038,536
3626,2813
2046,536
3628,2813
2089,536
3629,2813
2090,536
3630,2813
2093,536
3631,2813
2095,536
3632,2813
2101,536
3633,2813
3634,2813
465,19
2105,536
3701,2813
466,19
2114,536
3635,2813
2135,536
3636,2813
468,19
2136,536
3637,2813
2138,536
3638,2813
470,19
2139,536
3639,2813
2150,536
3640,2813
2154,536
3641,2813
2167,536
3642,2813
474,19
2168,536
3643,2813
475,19
3644,2813
8639,536
2172,536
3645,2813
2176,536
480,19
2221,536
3670,2813
2268,536
3989,2813
482,19
2274,536
4003,2813
483,19
2371,536
4004,2813
2406,536
4083,2813
2407,536
4104,2813
2412,536
4152,2813
487,19
4193,2813
488,19
2518,536
4202,2813
489,19
2520,536
4223,2813
490,19
2528,536
4233,2813
2535,536
4234,2813
492,19
2546,536
4251,2813
494,19
2547,536
4326,2813
495,19
2548,536
4596,2813
496,19
2549,536
4609,2813
2550,536
4612,2813
498,19
2551,536
4613,2813
2584,536
4760,2813
500,19
2602,536
4771,2813
2612,536
4783,2813
502,19
2618,536
4784,2813
503,19
2626,536
4845,2813
504,19
2628,536
4862,2813
505,19
2634,536
506,19
2639,536
4866,2813
2648,536
4882,2813
2650,536
4887,2813
510,19
2660,536
4888,2813
2663,536
4889,2813
6631,19
511,19
2675,536
4890,2813
512,19
2685,536
4901,2813
513,19
2695,536
4915,2813
514,19
2696,536
4925,2813
2697,536
4929,2813
2704,536
4949,2813
2714,536
4951,2813
518,19
2719,536
4957,2813
4966,2813
2743,536
5009,2813
521,19
2745,536
4969,2813
2753,536
4970,2813
523,19
2765,536
5011,2813
4989,2813
2779,536
4996,2813
528,19
2780,536
5000,2813
2781,536
5016,2813
3101,536
5017,2813
3103,536
5022,2813
3204,536
5033,2813
5059,2813
3219,536
5060,2813
5074,2813
5676,536
3322,536
5102,2813
4676,536
5108,2813
4722,536
5115,2813
679,19
4755,536
5116,2813
680,19
4782,536
5117,2813
681,19
4788,536
5127,2813
682,19
4791,536
5128,2813
683,19
4819,536
5143,2813
4963,536
684,19
4967,536
5162,2813
686,19
4972,536
5163,2813
5039,536
5178,2813
732,19
5048,536
5179,2813
5181,2813
734,19
5051,536
5278,2813
5064,536
5302,2813
736,19
5303,2813
737,19
5145,536
5567,2813
5590,2813
5174,536
5607,2813
5185,536
5620,2813
843,19
5188,536
5651,2813
5228,536
5652,2813
895,19
5279,536
5657,2813
5288,536
5672,2813
5294,536
5680,2813
5305,536
5730,2813
5310,536
5763,2813
5446,536
5779,2813
5448,536
5813,2813
5526,536
5971,2813
5554,536
5972,2813
5557,536
5975,2813
5586,536
6074,2813
5591,536
6075,2813
5682,536
6086,2813
6087,2813
967,19
5705,536
6088,2813
968,19
5756,536
6106,2813
969,19
5819,536
6130,2813
970,19
5853,536
6131,2813
5860,536
6132,2813
5861,536
6136,2813
5882,536
6154,2813
1062,19
5917,536
6170,2813
5950,536
6174,2813
1064,19
5982,536
6188,2813
6015,536
6190,2813
1066,19
6027,536
6202,2813
6056,536
6205,2813
1086,19
6113,536
6246,2813
1087,19
6134,536
6247,2813
1088,19
6142,536
6248,2813
1108,19
6249,2813
6263,536
1109,19
6250,2813
6327,536
1115,19
6317,2813
6329,536
1116,19
6356,536
6369,2813
1117,19
6370,2813
6379,536
1120,19
6371,2813
6380,536
1121,19
6378,2813
6414,536
1141,19
6394,2813
6415,536
1156,19
6396,2813
6416,536
1157,19
6407,2813
6417,536
1159,19
6413,2813
6418,536
1158,19
6427,536
6436,2813
1164,19
6438,2813
6468,536
1169,19
6448,2813
6470,536
1170,19
6454,2813
6476,536
6455,2813
1173,19
6482,2813
6509,536
1175,19
6489,2813
6512,536
1176,19
6496,2813
6513,536
1177,19
6497,2813
1178,19
6508,2813
6586,536
1179,19
6560,2813
6587,536
1180,19
6561,2813
6588,536
1191,19
6562,2813
6589,536
1192,19
6563,2813
6606,536
1205,19
6605,2813
6657,536
1206,19
6633,2813
6674,536
1211,19
6687,536
6696,2813
1223,19
6701,2813
6703,536
6702,2813
6720,536
1231,19
6789,2813
6807,536
1233,19
6855,536
6860,2813
1604,19
6862,2813
6870,536
1232,19
6880,2813
6887,536
1243,19
6888,536
6898,2813
1244,19
6905,536
6909,2813
1245,19
6956,2813
6997,536
6961,2813
7060,536
1247,19
6969,2813
7164,536
1248,19
6975,2813
7175,536
6976,2813
7193,536
1300,19
6981,2813
7195,536
1301,19
6982,2813
7239,536
6983,2813
7254,536
1304,19
6984,2813
7255,536
1305,19
7000,2813
7369,536
7012,2813
7389,536
1317,19
7035,2813
7688,536
1319,19
7036,2813
7718,536
1323,19
7037,2813
7955,536
7038,2813
7963,536
1325,19
7039,2813
7966,536
1326,19
7040,2813
7998,536
1331,19
7041,2813
8019,536
7042,2813
8020,536
1333,19
7054,2813
8032,536
1334,19
7064,2813
8048,536
1335,19
7128,2813
8076,536
1336,19
7183,2813
8092,536
1337,19
7184,2813
8117,536
1339,19
7185,2813
8118,536
1340,19
7186,2813
8138,536
1341,19
7187,2813
8172,536
1342,19
7199,2813
8221,536
1343,19
7200,2813
8322,536
1344,19
7218,2813
8358,536
1345,19
7231,2813
8506,536
1347,19
7366,2813
8586,536
1348,19
7407,2813
8590,536
6630,19
7427,2813
8619,536
7428,2813
8653,536
7453,2813
8654,536
1352,19
7454,2813
8666,536
1353,19
7492,2813
8667,536
1354,19
7494,2813
8725,536
7495,2813
8763,536
1356,19
7496,2813
8768,536
7497,2813
8860,536
1358,19
7525,2813
8867,536
7678,2813
1360,19
7689,2813
1370,19
7715,2813
1375,19
7874,2813
7717,2813
7720,2813
1378,19
7721,2813
1379,19
7738,2813
1380,19
7787,2813
1381,19
7805,2813
1382,19
7806,2813
1383,19
7809,2813
1384,19
7823,2813
1385,19
7829,2813
1388,19
7833,2813
1393,19
7834,2813
7835,2813
1408,19
7836,2813
1409,19
7837,2813
1411,19
7838,2813
1412,19
7839,2813
1413,19
7840,2813
1414,19
7841,2813
7842,2813
1428,19
7843,2813
1430,19
7844,2813
7845,2813
7846,2813
7847,2813
7848,2813
1440,19
7849,2813
1466,19
7850,2813
7851,2813
1506,19
7852,2813
1515,19
7853,2813
1597,19
7854,2813
1646,19
7855,2813
1650,19
7856,2813
1651,19
7857,2813
1655,19
7860,2813
7861,2813
1657,19
7862,2813
1659,19
7864,2813
7866,2813
1663,19
7867,2813
7868,2813
1666,19
7870,2813
7871,2813
1674,19
7872,2813
1676,19
7873,2813
1677,19
7875,2813
1678,19
7876,2813
7877,2813
1688,19
7878,2813
1690,19
7879,2813
1691,19
7880,2813
1697,19
7881,2813
1698,19
7882,2813
1699,19
7883,2813
1700,19
7884,2813
1701,19
7885,2813
1702,19
7886,2813
1703,19
7887,2813
1704,19
7889,2813
1706,19
7890,2813
1709,19
7891,2813
1710,19
7892,2813
7901,2813
7913,2813
1715,19
7927,2813
1716,19
7935,2813
1717,19
7944,2813
7961,2813
1719,19
8000,2813
1720,19
8012,2813
1721,19
8034,2813
8035,2813
1723,19
8046,2813
8055,2813
1725,19
8089,2813
1726,19
8090,2813
1727,19
8105,2813
1728,19
8225,2813
1729,19
8230,2813
1730,19
8231,2813
1731,19
8232,2813
1732,19
8233,2813
8234,2813
1734,19
8249,2813
1735,19
8250,2813
1737,19
8293,2813
1738,19
8295,2813
1739,19
8343,2813
1740,19
8369,2813
1741,19
8372,2813
1742,19
8446,2813
1758,19
8449,2813
1759,19
8462,2813
1764,19
1766,19
1767,19
8482,2813
1768,19
8570,2813
1769,19
8573,2813
1770,19
8599,2813
1771,19
8600,2813
8601,2813
1777,19
8602,2813
1803,19
8603,2813
1804,19
8604,2813
1806,19
8605,2813
1807,19
8607,2813
1808,19
8608,2813
1809,19
8609,2813
1815,19
8615,2813
1817,19
8623,2813
1818,19
8627,2813
1859,19
8631,2813
1866,19
8632,2813
1868,19
8647,2813
1869,19
8670,2813
1870,19
8677,2813
1872,19
8681,2813
1873,19
8682,2813
8684,2813
1876,19
8699,2813
2000,19
8701,2813
2001,19
8702,2813
8706,2813
2005,19
8720,2813
2007,19
8757,2813
2017,19
8771,2813
2024,19
8772,2813
2025,19
8812,2813
2031,19
8815,2813
8833,2813
8834,2813
8835,2813
2037,19
8836,2813
2041,19
8846,2813
2042,19
8855,2813
2043,19
2044,19
2045,19
2048,19
2049,19
2051,19
2086,19
6787,19
2087,19
2091,19
2096,19
2098,19
2099,19
2103,19
2112,19
2122,19
2141,19
2145,19
2148,19
2149,19
2152,19
2153,19
2155,19
2169,19
2171,19
2173,19
2174,19
2175,19
2178,19
2269,19
2270,19
2271,19
2272,19
2273,19
2275,19
2276,19
2277,19
2278,19
2279,19
2280,19
2281,19
2282,19
2285,19
2342,19
2380,19
2379,19
2387,19
2389,19
2390,19
2391,19
2392,19
2401,19
2402,19
2403,19
2404,19
2405,19
2408,19
2409,19
2410,19
2417,19
2418,19
2461,19
2463,19
2464,19
2465,19
2466,19
2505,19
2507,19
2508,19
2509,19
2510,19
2511,19
2512,19
2513,19
2514,19
2515,19
2519,19
2531,19
2532,19
2533,19
2534,19
2536,19
2537,19
2552,19
2553,19
2559,19
2560,19
2561,19
2581,19
2582,19
2583,19
2586,19
2587,19
2588,19
2598,19
2613,19
2615,19
2616,19
2617,19
2620,19
2621,19
2623,19
2624,19
2625,19
2629,19
2631,19
2632,19
2633,19
2635,19
2636,19
2638,19
2641,19
2643,19
2644,19
2646,19
2647,19
2649,19
2653,19
2654,19
2657,19
2658,19
2659,19
2662,19
2665,19
2666,19
2667,19
2668,19
2669,19
2676,19
2692,19
2693,19
2694,19
2698,19
2699,19
2712,19
2713,19
2715,19
2716,19
2717,19
2718,19
2750,19
2751,19
2754,19
2766,19
2767,19
2769,19
2775,19
2776,19
2778,19
2782,19
2783,19
2784,19
2785,19
2786,19
2787,19
2788,19
2789,19
2954,19
2972,19
3078,19
3100,19
3102,19
3205,19
3208,19
3209,19
3210,19
3211,19
3212,19
3320,19
3321,19
4369,19
4370,19
4371,19
4382,19
4390,19
4504,19
4594,19
4595,19
4610,19
4614,19
4615,19
4616,19
4627,19
4736,19
4737,19
4738,19
4739,19
4757,19
4770,19
4773,19
4774,19
4775,19
4776,19
4777,19
4778,19
4779,19
4789,19
4815,19
4817,19
4818,19
4820,19
4832,19
4833,19
4834,19
4849,19
4850,19
4852,19
4855,19
4874,19
4875,19
4876,19
4883,19
4884,19
4885,19
4886,19
4895,19
4896,19
4897,19
4898,19
4899,19
4900,19
4904,19
4911,19
4924,19
4937,19
4938,19
4939,19
4940,19
4941,19
4947,19
4952,19
4961,19
4962,19
4987,19
4988,19
4991,19
5015,19
5019,19
5021,19
5024,19
5025,19
5026,19
5027,19
5029,19
5030,19
5031,19
5044,19
5056,19
5057,19
5058,19
5071,19
5079,19
5081,19
5082,19
5083,19
5084,19
5089,19
5107,19
5109,19
5110,19
5111,19
5112,19
5113,19
5114,19
5120,19
5125,19
5126,19
5131,19
5140,19
5141,19
5164,19
5165,19
5166,19
5175,19
5176,19
5177,19
5182,19
5184,19
6628,19
5207,19
5221,19
5222,19
5223,19
5224,19
5225,19
5226,19
5234,19
5243,19
5244,19
5258,19
5259,19
5260,19
5261,19
5262,19
5263,19
5274,19
5275,19
5276,19
5277,19
5284,19
5285,19
5286,19
5287,19
5291,19
5296,19
5297,19
5298,19
5299,19
5301,19
5304,19
5371,19
5373,19
5376,19
5378,19
5381,19
5383,19
5384,19
5386,19
5388,19
5391,19
5447,19
5471,19
5506,19
5507,19
5508,19
5509,19
5565,19
5566,19
5569,19
5571,19
5600,19
5601,19
5603,19
5606,19
5625,19
5626,19
5627,19
5628,19
5656,19
5660,19
5661,19
5662,19
5663,19
5664,19
5675,19
5679,19
5689,19
5706,19
5711,19
5712,19
5736,19
5754,19
5762,19
5777,19
5778,19
5789,19
5790,19
5791,19
5841,19
5843,19
5844,19
5846,19
5847,19
5848,19
5849,19
5850,19
5851,19
5852,19
5873,19
5874,19
5875,19
5876,19
5907,19
5920,19
5921,19
5922,19
5952,19
5957,19
5967,19
5968,19
5969,19
5977,19
5978,19
5979,19
5980,19
5981,19
5997,19
6034,19
6035,19
6036,19
6052,19
6053,19
6054,19
6055,19
6068,19
6372,19
6069,19
6070,19
6071,19
6072,19
6073,19
6080,19
6081,19
6082,19
6083,19
6084,19
6085,19
6123,19
6124,19
6125,19
6126,19
6127,19
6128,19
6129,19
6139,19
6192,19
6193,19
6195,19
6196,19
6197,19
6198,19
6200,19
6201,19
6207,19
6209,19
6211,19
6215,19
6219,19
6323,19
6324,19
6325,19
6363,19
6364,19
6365,19
6366,19
6367,19
6368,19
6373,19
6390,19
6391,19
6392,19
6404,19
6405,19
6442,19
6443,19
6444,19
6445,19
6446,19
6451,19
6453,19
6456,19
6457,19
6467,19
6486,19
6487,19
6488,19
6493,19
6494,19
6495,19
6498,19
6511,19
6530,19
6557,19
6558,19
6559,19
6564,19
6567,19
6568,19
6569,19
6572,19
6573,19
6574,19
6576,19
6578,19
6579,19
6651,19
6652,19
6653,19
6654,19
6689,19
6704,19
6705,19
6706,19
6713,19
6729,19
6730,19
6788,19
6791,19
6792,19
6793,19
6801,19
6806,19
6863,19
6864,19
6876,19
6878,19
6899,19
6900,19
6910,19
6911,19
6912,19
6921,19
6927,19
6932,19
6942,19
6948,19
6955,19
6957,19
6967,19
6970,19
6977,19
6978,19
6979,19
6987,19
6988,19
6989,19
6990,19
6991,19
6992,19
6993,19
6994,19
6995,19
6996,19
6998,19
6999,19
7001,19
7002,19
7017,19
7018,19
7050,19
7051,19
7052,19
7055,19
7063,19
7070,19
7071,19
7091,19
7092,19
7097,19
7098,19
7099,19
7100,19
7130,19
7159,19
7162,19
7163,19
7181,19
7182,19
7196,19
7197,19
7198,19
7201,19
7202,19
7209,19
7211,19
7219,19
7221,19
7224,19
7232,19
7250,19
7256,19
7257,19
7258,19
7259,19
7260,19
7261,19
7262,19
7263,19
7264,19
7265,19
7266,19
7273,19
7278,19
7279,19
7281,19
7287,19
7288,19
7319,19
7320,19
7321,19
7326,19
7328,19
7329,19
7330,19
7342,19
7350,19
7361,19
7367,19
7368,19
7374,19
7385,19
7386,19
7406,19
7420,19
7421,19
7423,19
7424,19
7448,19
7450,19
7451,19
7452,19
7521,19
7523,19
7524,19
7716,19
7719,19
7722,19
7735,19
7736,19
7739,19
7740,19
7741,19
7754,19
7755,19
7757,19
7783,19
7784,19
7785,19
7786,19
7789,19
7792,19
7797,19
7802,19
7804,19
7814,19
7815,19
7816,19
7817,19
7824,19
7830,19
7831,19
7832,19
7859,19
7863,19
7865,19
7869,19
7893,19
7894,19
7895,19
7896,19
7902,19
7903,19
7904,19
7905,19
7906,19
7911,19
7914,19
7915,19
7916,19
7917,19
7921,19
7926,19
7933,19
7934,19
7945,19
7946,19
7947,19
7964,19
7970,19
7971,19
8001,19
8018,19
8023,19
8027,19
8036,19
8037,19
8044,19
8052,19
8053,19
8054,19
8060,19
8064,19
8075,19
8088,19
8093,19
8120,19
8121,19
8122,19
8125,19
8126,19
8127,19
8128,19
8129,19
8142,19
8143,19
8145,19
8151,19
8226,19
8229,19
8247,19
8248,19
8266,19
8267,19
8268,19
8269,19
8270,19
8271,19
8294,19
8312,19
8313,19
8314,19
8315,19
8337,19
8342,19
8346,19
8347,19
8367,19
8368,19
8370,19
8385,19
8386,19
8387,19
8388,19
8389,19
8390,19
8391,19
8392,19
8395,19
8402,19
8445,19
8451,19
8460,19
8461,19
8468,19
8471,19
8472,19
8477,19
8480,19
8503,19
8505,19
8539,19
8541,19
8550,19
8551,19
8552,19
8553,19
8554,19
8566,19
8569,19
8571,19
8575,19
8576,19
8577,19
8578,19
8579,19
8584,19
8585,19
8589,19
8596,19
8606,19
8611,19
8612,19
8613,19
8614,19
8626,19
8633,19
8661,19
8665,19
8669,19
8675,19
8685,19
8686,19
8687,19
8688,19
8689,19
8690,19
8691,19
8692,19
8693,19
8695,19
8696,19
8703,19
8704,19
8714,19
8718,19
8726,19
8727,19
8728,19
8729,19
8731,19
8732,19
8737,19
8739,19
8758,19
8770,19
8773,19
8797,19
8798,19
8801,19
8811,19
8813,19
8822,19
8823,19
8826,19
8827,19
8829,19
8830,19
8831,19
8843,19
8844,19
8845,19
8847,19
8848,19
8849,19
8850,19
8851,19
8853,19
8861,19
8862,19
8869,19
8870,19
8871,19
8872,19
8873,19
8874,19
